1,Hinterland Harbor
1,Slaughter the Strong
1,New Horizons
1,Solemnity
1,Propaganda
1,Burgeoning
1,Authority of the Consuls
1,Abundance
1,Ghostly Prison
1,Counterspell
1,Argothian Enchantress
1,Sylvan Library
1,Maze of Ith
1,Weirding Wood
1,Grasp of Fate
1,Karmic Justice
1,Flooded Strand
1,Polluted Delta
1,Windswept Heath
1,Wooded Foothills
1,Yavimaya Coast
1,Exploration
1,Mirari's Wake
1,Mana Confluence
1,"Nykthos, Shrine to Nyx"
1,Eternal Witness
1,Verdant Haven
1,Breeding Pool
1,Sphere of Safety
1,Detention Sphere
1,Supreme Verdict
1,Hallowed Fountain
1,Glacial Fortress
1,Abundant Growth
1,Stony Silence
1,Sunpetal Grove
1,Oblivion Ring
1,Command Tower
1,Green Sun's Zenith
1,Journey to Nowhere
1,Luminarch Ascension
1,Scalding Tarn
1,Verdant Catacombs
1,Wargate
1,Flooded Grove
1,Greater Auramancy
1,Mana Reflection
1,Enchanted Evening
1,Mystic Gate
1,Reflecting Pool
1,Wooded Bastion
1,Idyllic Tutor
1,Brushland
1,Mesa Enchantress
1,Utopia Sprawl
1,Copy Enchantment
1,Privileged Position
1,Decree of Silence
1,Words of Wind
1,Solitary Confinement
1,Cleansing Meditation
1,Deserted Temple
1,Adarkar Wastes
1,Dueling Grounds
1,Sterling Grove
1,Overburden
1,Kor Haven
1,Replenish
1,Crop Rotation
1,Faith Healer
1,Carpet of Flowers
1,Serra's Sanctum
1,Flickering Ward
1,Island Sanctuary
1,Verduran Enchantress
1,Mystic Remora
1,Satyr Enchanter
1,Land Tax
1,Sea of Clouds
1,Bountiful Promenade
1,Wild Growth
1,Overgrowth
1,Herald of the Pantheon
1,Fertile Ground
1,Enchantress's Presence
1,Eidolon of Blossoms
1,Sigil of the Empty Throne
1,"Estrid, the Masked"
1,Ever-Watching Threshold
1,Estrid's Invocation
1,Temple Garden
3,Snow-Covered Forest
1,Snow-Covered Island
2,Snow-Covered Plains
1,Hall of Heliod's Generosity
1,Leyline of Anticipation
1,Starfield Mystic
