Quantity,Name
1,Sylvan Offering
1,Underground River
1,Stitch Together
1,Doubling Season
1,Sunken Ruins
1,"Thrasios, Triton Hero"
1,Sign in Blood
1,Junk Winder
1,Haunted Ridge
1,Runic Armasaur
1,Norn's Annex
1,Dakmor Salvage
1,The Rack
1,Mishra's Factory
1,Liliana's Caress
1,Shrieking Affliction
1,Megrim
1,"Thrasta, Tempest's Roar"
1,Tendrils of Agony
1,Teferi's Protection
1,Ichor Wellspring
1,Rustvale Bridge
1,Deserted Beach
1,Rockfall Vale
1,Shipwreck Marsh
1,Deathcap Glade
1,Dreamroot Cascade
1,Shattered Sanctum
1,Stormcarved Coast
1,Sundown Pass
1,"Runo Stromkirk // Krothuss, Lord of the Deep"
1,"Lathiel, the Bounteous Dawn"
1,"Adeline, Resplendent Cathar"
1,Swamp
1,"Sheoldred, Whispering One"
1,"Vorinclex, Voice of Hunger"
1,Urabrask the Hidden
1,"Jin-Gitaxias, Core Augur"
1,"Elesh Norn, Grand Cenobite"
1,Gyre Sage
1,Overgrown Farmland
1,Skyclave Relic
1,Thought Monitor
1,Malevolent Hermit // Benevolent Geist
1,Risen Reef
1,Awakening Zone
1,Quest for Renewal
1,Mystic Reflection
1,Foreboding Ruins
1,Undergrowth Champion
1,"Untaidake, the Cloud Keeper"
1,"Kambal, Consul of Allocation"
1,Court of Cunning
1,Despark
1,Fortified Village
1,Trash for Treasure
1,Primevals' Glorious Rebirth
1,Urza's Ruinous Blast
1,Sheltered Thicket
1,"Vadrik, Astral Archmage"
1,Quartzwood Crasher
1,Tanglepool Bridge
1,Jungle Shrine
1,Abundant Harvest
1,Khalni Garden
1,Game Trail
1,Biovisionary
1,Ajani Unyielding
1,Dispatch
1,Bronze Guardian
1,Blade Historian
1,Arcane Sanctum
1,Myr Retriever
1,Compulsive Research
1,Reya Dawnbringer
1,Scrap Trawler
1,"Nicol Bolas, Planeswalker"
1,"Nicol Bolas, Planeswalker"
1,Plague Myr
1,Quest for the Holy Relic
1,Obzedat's Aid
1,Mind Shatter
1,Rage Reflection
1,Underworld Dreams
1,Banefire
1,Forest
1,Forest
1,Forest
1,Forest
1,Forest
4,Forest
2,Forest
2,Forest
4,Forest
1,Forest
1,Forest
3,Snow-Covered Forest
1,Forest
1,Forest
1,Forest
1,Mountain
1,Mountain
1,Mountain
1,Mountain
1,Mountain
7,Snow-Covered Mountain
1,Mountain
1,Mountain
1,Mountain
1,Mountain
1,Mountain
3,Mountain
1,Mountain
1,Swamp
1,Swamp
1,Swamp
5,Snow-Covered Swamp
1,Swamp
4,Island
1,Island
7,Snow-Covered Island
1,Island
1,Island
1,Island
1,Island
1,Island
1,Island
1,Island
1,Island
3,Plains
3,Plains
3,Snow-Covered Plains
1,Plains
1,Plains
1,Plains
1,Plains
1,Plains
1,Plains
1,Mountain
1,Plains
1,Command Tower
1,Sol Ring
1,Arcane Signet
1,Blighted Agent
1,Thoughtcast
1,Sign in Blood
1,Bastion of Remembrance
1,"Raff Capashen, Ship's Mage"
1,"Tatyova, Benthic Druid"
1,Spike Feeder
1,Tandem Lookout
1,Coveted Jewel
1,Spawning Grounds
1,"Danitha Capashen, Paragon"
1,Mycosynth Wellspring
1,Llanowar Reborn
1,Jubilant Skybonder
1,Indatha Crystal
1,Campaign of Vengeance
1,Hedron Crab
1,Gravity Well
1,Reconnaissance Mission
1,"Novijen, Heart of Progress"
1,Blighted Woodland
1,Trygon Predator
1,Primal Empathy
1,Plaxcaster Frogling
1,Incubation // Incongruity
1,Coiling Oracle
1,Study Hall
1,"Zimone, Quandrix Prodigy"
1,Quandrix Cultivator
1,Golden Ratio
1,Eureka Moment
1,Vine Gecko
1,Glimmerpoint Stag
1,Razor Hippogriff
1,Perilous Myr
1,Gold Myr
1,Silver Myr
1,Stoic Rebuttal
1,Riddlesmith
1,Viridian Revel
1,Carrion Call
1,Dispense Justice
1,Iron Myr
1,Psychic Miasma
1,Skinrender
1,Relic Putrescence
1,Rejuvenating Springs
1,Karametra's Acolyte
1,Thornglint Bridge
1,"Liesa, Forgotten Archangel"
1,Slagwoods Bridge
1,Goldmire Bridge
1,Razortide Bridge
1,Dark Intimations
1,Darkmoss Bridge
1,Hellish Rebuke
1,Mask of Griselbrand
1,Port Town
1,Cleric Class
1,"Yusri, Fortune's Flame"
1,Silverbluff Bridge
1,Mistvault Bridge
1,Drossforge Bridge
1,Tireless Provisioner
1,Solitary Confinement
1,Fractured Sanity
1,Opal Palace
1,Wound Reflection
1,Gilt-Leaf Palace
1,Deepglow Skate
1,Interplanar Beacon
1,Primal Vigor
1,Dire Tactics
1,"Nissa, Who Shakes the World"
1,Psychotic Haze
1,"Yorvo, Lord of Garenbrig"
1,Solidarity of Heroes
1,"Rishkar, Peema Renegade"
1,Oran-Rief Ooze
1,Loyal Guardian
1,Inspiring Call
1,"Garruk, Unleashed"
1,Death's Presence
1,Whirlwind Denial
1,Strategic Planning
1,Thrill of Possibility
1,Negate
1,Zendikar's Roil
1,"Yidaro, Wandering Monster"
1,"Yavimaya, Cradle of Growth"
1,Veinwitch Coven
1,Vault of Champions
1,Undergrowth Stadium
1,Trudge Garden
1,Terminal Agony
1,Tavern Scoundrel
1,Sweltering Suns
1,Spawning Bed
1,"Sorin, Vengeful Bloodlord"
1,Serra's Emissary
1,Scute Swarm
1,Sacred Excavation
1,Ruin Crab
1,Revolutionist
1,Return Upon the Tide
1,Resurgent Belief
1,Mortality Spear
1,Mage's Guile
1,Limits of Solidarity
1,Kitchen Imp
1,Hell Mongrel
1,Guardian of Tazeem
1,Forsake the Worldly
1,"Dina, Soul Steeper"
1,Countervailing Winds
1,Censor
1,Blossoming Bogbeast
1,Blazing Rootwalla
1,"Ashaya, Soul of the Wild"
1,Accomplished Alchemist
1,Sepulchral Primordial
1,Guardian Project
1,Hengegate Pathway // Mistgate Pathway
1,Barkchannel Pathway // Tidechannel Pathway
1,Tymna the Weaver
1,Phantasmal Image
1,"Heliod, Sun-Crowned"
1,Alhammarret's Archive
1,Clearwater Pathway // Murkwater Pathway
1,Cragcrown Pathway // Timbercrown Pathway
1,Sylvan Library
1,Nacatl War-Pride
1,Choked Estuary
1,Seed the Land
1,Miscalculation
1,"Trelasarra, Moon Dancer"
1,Ezzaroot Channeler
1,"Daretti, Scrap Savant"
1,Aether Mutation
1,Sanguine Bond
1,"Willowdusk, Essence Seer"
1,Elven Ambush
1,General Kudro of Drannith
1,Notorious Throng
1,Clever Impersonator
1,Poison-Tip Archer
1,Darkbore Pathway // Slitherbore Pathway
1,Into the North
1,Fumigate
1,Throne of the God-Pharaoh
1,Unbreakable Formation
1,Well of Lost Dreams
1,Kaya the Inexorable
1,Psychotic Haze
1,"Nissa, Who Shakes the World"
1,"Cosima, God of the Voyage // The Omenkeel"
1,Felidar Retreat
1,"Reidane, God of the Worthy // Valkmira, Protector's Shield"
1,Angel of Destiny
1,Peer into the Abyss
1,"Vito, Thorn of the Dusk Rose"
1,"Jorn, God of Winter // Kaldring, the Rimestaff"
1,Scavenging Ooze
1,Dance of the Manse
1,"Sarulf, Realm Eater"
1,"Phylath, World Sculptor"
1,Wandering Archaic // Explore the Vastlands
1,Furycalm Snarl
1,Shineshadow Snarl
1,Frostboil Snarl
1,Necroblossom Snarl
1,Needleverge Pathway // Pillarverge Pathway
1,Ochre Jelly
1,"Valentin, Dean of the Vein // Lisette, Dean of the Root"
1,Rhox Faithmender
1,Sanctum Weaver
1,"Sythis, Harvest's Hand"
1,Carth the Lion
1,Branching Evolution
1,Necrogoyf
1,Damn
1,Nykthos Paragon
1,Diluvian Primordial
1,Double Major
1,Psychotic Episode
1,Elvish Promenade
1,Harvest Season
1,Elderfang Venom
1,Pact of the Serpent
1,"Lathril, Blade of the Elves"
1,Elderfang Ritualist
1,Elvish Warmaster
1,Littjara Mirrorlake
1,Replicating Ring
1,Skemfar Shadowsage
1,Harald Unites the Elves
1,Blessing of Frost
1,"Slurrk, All-Ingesting"
1,Armorcraft Judge
1,Tuskguard Captain
1,Shredded Sails
1,Migration Path
1,Crowned Ceratok
1,"Jiang Yanggu, Wildcrafter"
1,Emrakul's Evangel
1,Starstorm
1,Vineglimmer Snarl
1,"Toski, Bearer of Secrets"
1,Soul-Guide Lantern
1,Skemfar Elderhall
1,"Renata, Called to the Hunt"
1,Ram Through
1,Putrefy
1,Neoform
1,"Narset, Parter of Veils"
1,"Miara, Thorn of the Glade"
1,Maskwood Nexus
1,Lotus Cobra
1,Growth Spiral
1,Golgari Findbroker
1,Glasspool Mimic // Glasspool Shore
1,Castle Vantress
1,"Azusa, Lost but Seeking"
1,Ancient Greenwarden
1,"Vorinclex, Monstrous Raider"
1,Dragonlord's Servant
1,Wrap in Vigor
1,Deep Forest Hermit
1,Skittering Invasion
1,Gilded Light
1,Angelsong
1,Prototype Portal
1,Krosan Grip
1,Rampant Growth
1,"Oran-Rief, the Vastwood"
1,Mosswort Bridge
1,Lumbering Falls
1,Spitting Image
1,Master Biomancer
1,"Kaseto, Orochi Archmage"
1,Biomass Mutation
1,Managorger Hydra
1,Kazandu Tuskcaller
1,Hydra Broodmaster
1,Hornet Queen
1,Hornet Nest
1,Forgotten Ancient
1,Ezuri's Predation
1,"Arashi, the Sky Asunder"
1,Rite of Replication
1,Reef Worm
1,Curse of the Swine
1,Crafty Cutpurse
1,Champion of Wits
1,Desolation Twin
1,Geometric Nexus
1,Oversimplify
1,Sequence Engine
1,"Ruxa, Patient Professor"
1,Paradox Zone
1,Guardian Augmenter
1,Fractal Harness
1,Theoretical Duplication
1,Spawning Kraken
1,Replication Technique
1,Perplexing Test
1,"Deekah, Fractal Theorist"
1,Curiosity Crafter
1,Commander's Insight
1,"Esix, Fractal Bloom"
1,"Adrix and Nev, Twincasters"
1,Eerie Interlude
1,Raugrin Triome
1,Ketria Triome
1,Three Visits
1,Go for Blood
1,"Rielle, the Everwise"
1,Song of Creation
1,Shark Typhoon
1,Frostveil Ambush
1,Drannith Stinger
1,Wildwood Scourge
1,Fertilid
1,Miscast
1,Wheel of Misfortune
1,Wishclaw Talisman
1,Academy Ruins
1,Vigor
1,Verdurous Gearhulk
1,Hardened Scales
1,"Teferi, Temporal Archmage"
1,Trapjaw Tyrant
1,Crawling Barrens
1,Skemfar Avenger
1,Haunting Voyage
1,Canopy Tactician
1,Realmwalker
1,Brightclimb Pathway // Grimclimb Pathway
1,Branchloft Pathway // Boulderloft Pathway
1,Riverglide Pathway // Lavaglide Pathway
1,Tyvar Kell
1,Voracious Hydra
1,Vault of the Archangel
1,Return of the Wildspeaker
1,Rampaging Brontodon
1,Primeval Bounty
1,Indatha Triome
1,Incubation Druid
1,"Etali, Primal Storm"
1,Champion of Lambholt
1,Castle Garenbrig
1,Castle Ardenvale
1,Avenger of Zendikar
1,Training Center
1,Spectator Seating
1,Rite of Flame
1,Outpost Siege
1,Soul's Attendant
1,Distortion Strike
1,Nomad Outpost
1,Herald of the Forgotten
1,Captivating Crew
1,Unexpectedly Absent
1,Dearly Departed
1,Titan Hunter
1,Cryptic Trilobite
1,Ethereal Forager
1,Portal Mage
1,Mercurial Chemister
1,Agitator Ant
1,Spellpyre Phoenix
1,Descend upon the Sinful
1,Song of Freyalise
1,Essence Warden
1,Suture Priest
1,Mystic Monastery
1,Crystalline Resonance
1,Eternal Dragon
1,Key to the City
1,Young Pyromancer
1,The Mending of Dominaria
1,Soul Warden
1,Fumiko the Lowblood
1,Whirlpool Warrior
1,Utvara Hellkite
1,Urza's Incubator
1,True Conviction
1,Tooth and Nail
1,Tidespout Tyrant
1,Thought Reflection
1,Terastodon
1,Temur Sabertooth
1,Sovereigns of Lost Alara
1,"Selvala, Heart of the Wilds"
1,"Karrthus, Tyrant of Jund"
1,"Jin-Gitaxias, Core Augur"
1,Infernal Contract
1,Hellkite Overlord
1,Hellkite Charger
1,Evacuation
1,Enter the Infinite
1,Empyrial Archangel
1,Elephant Grass
1,Dread
1,Dragonstorm
1,Dragonspeaker Shaman
1,Dragon Broodmother
1,Doubling Cube
1,Devastation Tide
1,Defense of the Heart
1,Crucible of Fire
1,Cathars' Crusade
1,Boundless Realms
1,Blazing Archon
1,Black Sun's Zenith
1,Beacon of Tomorrows
1,Assemble the Legion
1,Argentum Armor
1,Sarkhan Vol
1,Sarkhan the Mad
1,Remand
1,Rampaging Baloths
1,Rafiq of the Many
1,Plunge into Darkness
1,Platinum Emperion
1,"Omnath, Locus of Mana"
1,March of the Machines
1,"Kazuul, Tyrant of the Cliffs"
1,Young Pyromancer
1,Past in Flames
1,Fiery Confluence
1,"Chandra, Torch of Defiance"
1,Oakhame Adversary
1,Cut // Ribbons
1,Beast Whisperer
1,Fabled Passage
1,Faith of the Devoted
1,"Gavi, Nest Warden"
1,Dismantling Wave
1,Astral Drift
1,Decree of Justice
1,Drake Haven
1,New Perspectives
1,Nimble Obstructionist
1,Fluctuator
1,Irrigated Farmland
1,Desert of the Fervent
1,Desert of the Mindful
1,Desert of the True
1,Drifting Meadow
1,Remote Isle
1,Smoldering Crater
1,Valiant Rescuer
1,Boon of the Wish-Giver
1,Neutralize
1,Ominous Seas
1,Cast Out
1,Hieroglyphic Illumination
1,Vizier of Tumbling Sands
1,Slice and Dice
1,Fierce Guardianship
1,Prairie Stream
1,Surly Badgersaur
1,"Akim, the Soaring Wind"
1,"Chandra, Flamecaller"
1,"Isperia, Supreme Judge"
1,"Niv-Mizzet, the Firemind"
1,The Locust God
1,Hostile Desert
1,Psychic Impetus
1,"Brallin, Skyshark Rider"
1,"Shabraz, the Skyshark"
1,Shiny Impetus
1,Parasitic Impetus
1,Martial Impetus
1,Windbrisk Heights
1,Smoldering Marsh
1,Spinerock Knoll
1,Sanctuary Blade
1,"Silvar, Devourer of the Free"
1,"Trynn, Champion of Freedom"
1,"Kelsien, the Plague"
1,Arcane Signet
1,General's Enforcer
1,Devout Chaplain
1,Unclaimed Territory
1,Path of Ancestry
1,"Nahiri, the Harbinger"
1,"Adriana, Captain of the Guard"
1,Shared Animosity
1,Xathrid Necromancer
1,Disciple of Bolas
1,Thraben Doomsayer
1,Thalia's Lieutenant
1,Riders of Gavony
1,"Odric, Master Tactician"
1,Knight of the White Orchid
1,Increasing Devotion
1,Frontline Medic
1,Cleansing Nova
1,Citywide Bust
1,Molten Echoes
1,Frontier Warmonger
1,Fireflux Squad
1,Species Specialist
1,Verge Rangers
1,Flawless Maneuver
1,Call the Coppercoats
1,Jirina Kudro
1,The Ozolith
1,Wakening Sun's Avatar
1,"Sai, Master Thopterist"
1,Urza's Bauble
1,Long-Term Plans
1,Ophidian Eye
1,Tolarian Winds
1,Verdant Sun's Avatar
1,Sapphire Medallion
1,Planar Bridge
1,Flickering Ward
1,Obsidian Battle-Axe
1,Star of Extinction
1,"Vilis, Broker of Blood"
1,Mythos of Nethroi
1,Mythos of Vadrok
1,Mythos of Illuna
1,Ruinous Ultimatum
1,Mythos of Snapdax
1,Drannith Magistrate
1,Savai Triome
1,Zagoth Triome
1,Wayward Swordtooth
1,"Chandra, the Firebrand"
1,Blood Scrivener
1,Consuming Aberration
1,Regisaur Alpha
1,Raging Swordtooth
1,Mortify
1,Eldritch Evolution
1,Champion of the Parish
1,Birds of Paradise
1,Treasonous Ogre
1,Brushland
1,Phyrexian Purge
1,Sterling Grove
1,Carpet of Flowers
1,Overburden
1,Elvish Spirit Guide
1,Insatiable Gorgers
1,Abandon Reason
1,Voldaren Pariah // Abolisher of Bloodlines
1,Collective Defiance
1,Temple Altisaur
1,Silverclad Ferocidons
1,"Ghalta, Primal Hunger"
1,Stensia Masquerade
1,Incorrigible Youths
1,Gisa's Bidding
1,Biting Rain
1,Shadow of the Grave
1,Canyon Slough
1,Muck Drubb
1,Bag of Holding
1,Thundering Spineback
1,Ranging Raptors
1,Bellowing Aegisaur
1,Ripjaw Raptor
1,Priest of the Wakening Sun
1,Kinjalli's Sunwing
1,Goring Ceratops
1,Deathgorge Scavenger
1,"Gishath, Sun's Avatar"
1,"Phenax, God of Deception"
1,"Jace, Memory Adept"
1,"Domri, Chaos Bringer"
1,Fateful Showdown
1,Heartwarming Redemption
1,Massacre Girl
1,Congregation at Dawn
1,Copy Enchantment
1,Mirrormade
1,Chain Reaction
1,Act of Aggression
1,Staggering Insight
1,Obsidian Battle-Axe
1,Reckless Wurm
1,Distemper of the Blood
1,Thrill of Possibility
1,Weirded Vampire
1,Skyshroud Claim
1,Twins of Maurer Estate
1,Senseless Rage
1,Bloodmad Vampire
1,Alms of the Vein
1,Verdant Haven
1,Ichor Slick
1,Thassa's Oracle
1,Mystic Forge
1,Herald's Horn
1,"Tajic, Legion's Edge"
1,Emergence Zone
1,Moltensteel Dragon
1,"Zetalpa, Primal Dawn"
1,Kinjalli's Caller
1,Time Wipe
1,Expansion // Explosion
1,Shadowspear
1,Codex Shredder
1,Temple of Plenty
1,Basilisk Collar
1,"Liliana, Death's Majesty"
1,"Judith, the Scourge Diva"
1,Glint-Horn Buccaneer
1,Helm of Obedience
1,Kodama's Reach
1,Forerunner of the Empire
1,Mishra's Bauble
1,Otepec Huntmaster
1,Witching Well
1,Whir of Invention
1,Kaya's Ghostform
1,Idyllic Tutor
1,Propaganda
1,Temple of Enlightenment
1,Temple of Deceit
1,Thud
1,Mana Leak
1,Icon of Ancestry
1,Curiosity
1,Mystic Sanctuary
1,Marauding Raptor
1,Knight of the Stampede
1,Grand Warlord Radha
1,Worldspine Wurm
1,Gaddock Teeg
1,Endless Atlas
1,Precognition Field
1,Bone Miser
1,Tendrils of Agony
1,Dreamscape Artist
1,Null Profusion
1,Porphyry Nodes
1,Retether
1,"Radha, Heir to Keld"
1,Simian Spirit Guide
1,Astral Slide
1,Freed from the Real
1,Mass Hysteria
1,Cloudstone Curio
1,Strength of Lunacy
1,Brain Gorgers
1,Journey to Nowhere
1,Eternal Dominion
1,Vow of Malice
1,Vow of Lightning
1,Vow of Duty
1,Dictate of Kruphix
1,Ritual of Soot
1,Thrashing Brontodon
1,"Squee, the Immortal"
1,Beacon of Unrest
1,In Garruk's Wake
1,Magus of the Wheel
1,"Squee, Goblin Nabob"
1,Warstorm Surge
1,Ash Barrens
1,Violent Eruption
1,Stromkirk Occultist
1,Nightshade Assassin
1,Murderous Compulsion
1,Malevolent Whispers
1,Grave Scrabbler
1,Gorgon Recluse
1,"Garna, the Bloodflame"
1,From Under the Floorboards
1,Fiery Temper
1,Dark Withering
1,Curse of Fool's Wisdom
1,Call to the Netherworld
1,Bloodhall Priest
1,Big Game Hunter
1,Avacyn's Judgment
1,Asylum Visitor
1,Archfiend of Spite
1,Anje's Ravager
1,Alchemist's Greeting
1,Loaming Shaman
1,Farseek
1,Sakura-Tribe Elder
1,Atzocan Seer
1,Yavimaya Elder
1,Colossal Dreadmaw
1,Heroic Intervention
1,Verity Circle
1,Temple of Abandon
1,Rite of Consumption
1,Psychic Corrosion
1,Legacy's Allure
1,Everflowing Chalice
1,Dismember
1,Beast Within
1,Blightsteel Colossus
1,Blessing of Leeches
1,Blowfly Infestation
1,Soul Snuffers
1,Duskmantle Guildmage
1,"Duskmantle, House of Shadow"
1,Wayfarer's Bauble
1,Tezzeret's Gambit
1,Vizkopa Guildmage
1,Essence Harvest
1,Devour in Shadow
1,Anje Falkenrath
1,"Chainer, Nightmare Adept"
1,"Greven, Predator Captain"
1,Mire in Misery
1,Sanctum of Eternity
1,Drownyard Temple
1,Geier Reach Sanitarium
1,Solemn Simulacrum
1,Nightmare Unmaking
1,"K'rrik, Son of Yawgmoth"
1,"Rix Maadi, Dungeon Palace"
1,Apostle's Blessing
1,Enchanted Evening
1,As Foretold
1,Wargate
1,Keening Stone
1,Fiery Gambit
1,Savage Beating
1,Army of the Damned
1,Dark Deal
1,Temporal Extortion
1,Soul Channeling
1,Repay in Kind
1,Paradox Haze
1,Recurring Insight
1,Vivien Reid
1,Nephalia Drownyard
1,Canopy Vista
1,Temple Garden
1,Elixir of Immortality
1,Starfield Mystic
1,Call to the Grave
1,Bedevil
1,Nature's Claim
1,Terminus
1,Cinder Glade
1,Havoc Festival
1,Faerie Macabre
1,Manabarbs
1,Trail of Evidence
2,My Wish Is Your Command
2,Look Skyward and Despair
1,Winding Way
1,Nature's Lore
1,Glacial Revelation
1,Tribute to the Wild
1,Rampage of the Clans
1,Parallel Lives
1,Keen Sense
1,"Garruk, Primal Hunter"
1,Acidic Slime
1,Throes of Chaos
1,"Tibalt, Rakish Instigator"
1,Koth of the Hammer
1,Chandra Nalaar
1,Chandra Ablaze
1,"Ilharg, the Raze-Boar"
1,Hellfire Mongrel
1,Ransack the Lab
1,Tainted Strike
1,Phyresis
1,Crumbling Ashes
1,Bond of Insight
1,Winds of Rebuke
1,Commence the Endgame
1,Viral Drake
1,Retribution of the Meek
1,Ravnica at War
1,Ephemerate
1,Suppression Field
1,"Teyo, the Shieldmage"
1,Elspeth Tirel
1,Ajani Goldmane
1,Simic Guildgate
1,Selesnya Guildgate
1,Rakdos Guildgate
1,Orzhov Guildgate
1,Gruul Guildgate
1,Golgari Guildgate
1,Dimir Guildgate
1,Boros Guildgate
1,Seaside Citadel
1,Crumbling Necropolis
1,"Valakut, the Molten Pinnacle"
1,Piranha Marsh
1,Gavony Township
1,Eye of Ugin
1,Eldrazi Temple
1,Bojuka Bog
1,Casualties of War
1,Unmake
1,Dream Salvage
1,Cauldron Haze
1,Rhythm of the Wild
1,"Nahiri, Storm of Stone"
1,"Kiora, Behemoth Beckoner"
1,"Kaya, Bane of the Dead"
1,Rhys the Redeemed
1,Gilder Bairn
1,Pili-Pala
1,Thornbite Staff
1,Prismatic Lens
1,Pearl Medallion
1,Liquimetal Coating
1,God-Pharaoh's Statue
1,Eldrazi Monument
1,Arcum's Astrolabe
1,Pathrazer of Ulamog
1,Elvish Visionary
1,Muddle the Mixture
1,Hurkyl's Recall
1,Talisman of Unity
1,Simic Signet
1,Selesnya Signet
1,Scroll Rack
1,Gruul Signet
1,Golgari Signet
1,Tree of Tales
1,Terramorphic Expanse
1,Evolving Wilds
1,Wooded Bastion
1,It That Betrays
1,"Kozilek, Butcher of Truth"
1,"Emrakul, the Aeons Torn"
1,"Ulamog, the Infinite Gyre"
1,High Tide
1,Eidolon of Rhetoric
1,Mesmeric Orb
1,"Ugin, the Ineffable"
1,Back to Basics
1,Temple of Malady
1,Spell Pierce
1,Narset's Reversal
1,Exotic Orchard
1,Dovin's Veto
1,Opt
1,"Liliana, Dreadhorde General"
1,"Kasmina, Enigmatic Mentor"
1,Sunpetal Grove
1,Time Spiral
1,Sarkhan the Masterless
1,Mindcrank
1,Negate
1,Fling
1,Bloodchief Ascension
1,Whispersilk Cloak
1,Rootbound Crag
1,Shivan Reef
1,Spire Garden
1,Breeding Pool
1,Fire-Lit Thicket
1,Eternal Witness
1,Homeward Path
1,Stomping Ground
1,Twilight Mire
1,Solemnity
1,Flooded Grove
1,Temple of Mystery
1,Temple of Epiphany
1,Desolate Lighthouse
1,Yavimaya Coast
1,Llanowar Wastes
1,Tidehollow Sculler
1,Imperious Perfect
1,Mana Tithe
1,Talisman of Impulse
1,Cleansing Meditation
1,Avacyn's Pilgrim
1,Invoke the Firemind
1,Ley Weaver
1,Delirium Skeins
1,Pain Magnification
1,Frozen Aether
1,Skull Rend
1,Psychic Strike
1,Soul's Fire
1,Leonin Relic-Warder
1,Viridian Corrupter
1,Zur the Enchanter
1,"Zndrsplt, Eye of Wisdom"
1,Zendikar Resurgent
1,Zealous Conscripts
2,Your Will Is Not Your Own
4,Your Puny Minds Cannot Fathom
4,Your Fate Is Thrice Sealed
1,"Yosei, the Morning Star"
1,"Yeva, Nature's Herald"
1,Yawgmoth's Will
1,Yavimaya Hollow
1,Wurmcoil Engine
1,Wrath of God
1,Worldly Tutor
1,Worldgorger Dragon
1,World at War
1,Words of Wind
1,Woodland Cemetery
1,Wooded Foothills
1,Wood Elves
1,Withered Wretch
1,Wirewood Symbiote
1,Wirewood Lodge
1,Wirewood Channeler
1,Wipe Away
1,Winter Orb
1,Windswept Heath
1,Winds of Rath
1,Winds of Abandon
1,Windfall
1,Wild Pair
1,Wild Growth
1,Whispering Madness
1,Whipflare
1,Whip of Erebos
2,Which of You Burns Brightest?
1,Weirding Wood
1,Weathered Wayfarer
1,Wear // Tear
1,Watery Grave
1,Waterlogged Grove
1,War's Toll
1,Wall of Roots
1,Walking Ballista
1,Voyager Staff
1,"Vorinclex, Voice of Hunger"
1,Voltaic Key
1,Volrath's Stronghold
1,Volatile Rig
1,Void Winnower
1,Vitalize
1,Virtus's Maneuver
1,Viridian Zealot
1,Viridian Shaman
1,Viridian Joiner
1,Viridian Corrupter
1,Vindicate
1,Village Bell-Ringer
1,Viashino Sandswimmer
1,Vernal Bloom
1,Verduran Enchantress
1,Verdant Catacombs
1,Veil of Secrecy
1,Vault of Whispers
1,"Varchild, Betrayer of Kjeldor"
1,Vanquisher's Banner
1,Vandalblast
1,Vampiric Tutor
1,Utter End
1,Utopia Sprawl
1,"Urborg, Tomb of Yawgmoth"
1,Unwinding Clock
1,Unwind
1,Unsubstantiate
1,Unearth
1,Unburial Rites
1,Umbral Mantle
1,Tuvasa the Sunlit
1,Turnabout
1,Triumph of the Hordes
1,Trinket Mage
1,Treasure Nabber
1,Treasure Mage
1,Traumatize
1,Tranquil Thicket
1,Toxic Deluge
1,Torpor Orb
1,Tormod's Crypt
1,Tormenting Voice
1,Torment of Hailfire
1,"Tooth, Claw, and Tail"
1,"Tomik, Distinguished Advokist"
1,Tolaria West
1,Tithe
1,Tinker
1,Time Sieve
1,Thundermaw Hellkite
1,Thran Temporal Gateway
1,Thran Dynamo
1,Thousand-Year Elixir
1,Thought Vessel
1,Thought Scour
1,Thorn of Amethyst
1,Thopter Spy Network
1,Thopter Foundry
1,Thopter Assembly
1,Thirst for Knowledge
1,The Wanderer
1,The Very Soil Shall Shake
1,The Scorpion God
1,The Scarab God
2,The Pieces Are Coming Together
2,The Iron Guardian Stirs
1,The Fate of the Flammable
1,The Eldest Reborn
1,The Elderspell
2,The Dead Shall Serve
1,The Chain Veil
1,The Antiquities War
1,"Thalia, Heretic Cathar"
1,"Thalia, Guardian of Thraben"
1,"Tezzeret, Master of the Bridge"
1,"Tezzeret, Artifice Master"
1,Tezzeret the Seeker
1,Terminate
1,Temur Battle Rage
1,Temple of Triumph
1,Temple of Silence
1,Temple of Malice
1,Tectonic Reformation
1,Tectonic Instability
1,"Tawnos, Urza's Apprentice"
1,Taunting Elf
1,"Tamiyo, Collector of Tales"
1,Talisman of Resilience
1,Talisman of Progress
1,Talisman of Indulgence
1,Talisman of Hierarchy
1,Talisman of Dominance
1,Talisman of Curiosity
1,Talisman of Creativity
1,Talisman of Conviction
1,Tainted Pact
1,Sylvan Scrying
1,Sylvan Ranger
1,Swords to Plowshares
1,Sword of War and Peace
1,Sword of the Paruns
1,Sword of the Meek
1,Sword of Light and Shadow
1,Sword of Fire and Ice
1,Sword of Feast and Famine
1,Swiftfoot Boots
1,Swan Song
1,Survival of the Fittest
1,Surrender Your Thoughts
1,Supreme Verdict
1,Sunken Hollow
1,Sunforger
1,Sundial of the Infinite
1,Sun Titan
1,Summoner's Pact
1,Sulfur Falls
1,Stunning Reversal
1,Stroke of Genius
1,Strip Mine
1,Strionic Resonator
1,String of Disappearances
1,Stream of Thought
1,Stranglehold
1,Storm the Vault // Vault of Catlacan
1,Stony Silence
1,Stoneforge Mystic
1,Stolen Strategy
1,Stifle
1,Steelshaper's Gift
1,Steel Hellkite
1,Steam Vents
1,Static Orb
1,Staff of Domination
1,Squirrel Nest
1,Squee's Revenge
1,Spirit of the Labyrinth
1,Spire of Industry
1,Sphinx's Revelation
1,Sphinx of the Steel Wind
1,Sphere of Safety
1,Sphere of Resistance
1,Spellseeker
1,Spark Double
1,Soul of the Harvest
1,Soul of New Phyrexia
1,Song of the Dryads
1,Sol Ring
8,Snow-Covered Swamp
7,Snow-Covered Plains
7,Snow-Covered Mountain
7,Snow-Covered Island
7,Snow-Covered Forest
1,Sneak Attack
1,Snapcaster Mage
1,Snap
1,Smothering Tithe
1,"Slobad, Goblin Tinkerer"
1,Slip Through Space
1,Sleight of Hand
1,Slave of Bolas
1,Slaughter the Strong
1,Slaughter Games
1,Slate of Ancestry
1,Skycloud Egg
1,Skullclamp
1,"Sisay, Weatherlight Captain"
1,Sire of Insanity
1,Single Combat
1,Silent Gravestone
1,Silent Clearing
1,Silence
1,Sigil of the Empty Throne
1,Shimmer Myr
1,Shield of the Oversoul
1,"Sheoldred, Whispering One"
1,Sharuum the Hegemon
1,Shamanic Revelation
1,Shadowblood Egg
1,Serum Visions
1,Sentinel Tower
1,Sensei's Divining Top
1,Seize the Day
1,Seeker of Skybreak
1,Seedborn Muse
1,Second Sunrise
1,Secluded Steppe
1,Seat of the Synod
1,Sea of Clouds
1,Sculpting Steel
1,Scryb Ranger
1,Scrap Mastery
1,Scrabbling Claws
1,Scalding Tarn
1,Satyr Enchanter
1,Sandstone Oracle
1,Sanctum Prelate
1,Salvaging Station
1,"Saheeli, the Gifted"
1,"Saheeli, Sublime Artificer"
1,Saheeli's Directive
1,Saheeli's Artistry
1,Sacred Foundry
1,"Ruric Thar, the Unbowed"
1,Rune-Scarred Demon
1,Rule of Law
1,Rugged Prairie
2,"Rotted Ones, Lay Siege"
2,Roots of All Evil
1,Rolling Earthquake
1,Rogue's Passage
1,Rings of Brighthearth
1,Rhystic Study
1,Revive
1,Reverberate
1,Reveillark
1,Return to Dust
1,Retrofitter Foundry
1,Restoration Angel
1,Rest in Peace
1,Reshape
1,Reprobation
1,Repeal
1,Reliquary Tower
1,Reins of Power
1,Regrowth
1,Regna's Sanction
1,Regal Force
1,Reforge the Soul
1,Reflecting Pool
1,Red Elemental Blast
1,Recycle
1,Recruiter of the Guard
1,Reclamation Sage
1,Reclaim
1,Rebuild
1,Reap and Sow
1,Reanimate
4,Realms Befitting My Majesty
1,Read the Bones
1,"Razaketh, the Foulblooded"
1,Ravenous Slime
1,Ranger-Captain of Eos
1,"Ral, Storm Conduit"
1,"Ral, Izzet Viceroy"
1,Ral Zarek
1,Rakdos the Defiler
1,Rakdos Signet
1,Rakdos Charm
1,Rain of Filth
1,Quirion Ranger
1,Quicksilver Amulet
1,Queen Marchesa
1,Pyrohemia
1,Pyroblast
1,Pull from Tomorrow
1,Pull from Eternity
1,Prowling Serpopard
1,Privileged Position
1,Primal Command
1,Priest of Titania
1,Presence of Gond
1,Preordain
1,Praetor's Grasp
1,Praetor's Counsel
1,Pongify
1,Ponder
1,Polluted Delta
1,Plea for Guidance
1,Platinum Angel
1,Planar Chaos
1,Pithing Needle
1,Phyrexian Unlife
1,Phyrexian Revoker
1,Phyrexian Reclamation
1,Phyrexian Rebirth
1,Phyrexian Metamorph
1,Phyrexian Arena
1,Pendelhaven
1,Path to Exile
1,Paradoxical Outcome
1,Paradox Engine
1,Painful Truths
1,"Padeem, Consul of Innovation"
1,Pact of Negation
1,Overgrowth
1,Overgrown Tomb
1,Orzhov Signet
1,Oracle of Mul Daya
1,Open the Vaults
1,Open the Armory
2,Only Blood Ends Your Nightmares
1,"Okaun, Eye of Chaos"
1,Oblivion Stone
1,Oblivion Ring
1,"Ob Nixilis, Unshackled"
1,Ob Nixilis Reignited
1,Oath of Teferi
1,"Nykthos, Shrine to Nyx"
1,Nurturing Peatland
1,Notion Thief
1,Nothing Can Stop Me Now
1,"Nissa, Vastwood Seer // Nissa, Sage Animist"
1,Nihil Spellbomb
1,Nightscape Familiar
1,Night's Whisper
1,"Nicol Bolas, Planeswalker"
1,"Nicol Bolas, God-Pharaoh"
1,"Nicol Bolas, Dragon-God"
1,Nicol Bolas
1,New Horizons
1,Nevinyrral's Disk
1,Nevermore
1,"Neheb, Dreadhorde Champion"
1,Necrotic Ooze
1,Necropotence
1,Necromancy
1,Nature's Spiral
2,Nature Shields Its Own
2,Nature Demands an Offering
1,Natural Order
1,Narset Transcendent
1,Myth Unbound
1,Mystical Tutor
1,Mystic Remora
1,Mystic Gate
1,Mystic Confluence
1,Myriad Landscape
1,Myr Battlesphere
1,Mycosynth Lattice
1,My Undead Horde Awakens
1,My Genius Knows No Bounds
1,My Crushing Masterstroke
1,"Muzzio, Visionary Architect"
1,Multani's Acolyte
1,Mox Opal
1,Mox Diamond
1,Mother of Runes
1,Mortal Flesh Is Weak
1,Morphic Pool
1,Monastery Siege
1,Molten Birth
1,Mogg Assassin
1,Mizzium Transreliquat
1,Misty Rainforest
1,Mirrorworks
1,Mirrodin Besieged
1,Mirari's Wake
1,Mirage Mirror
1,Mindslicer
1,Mindclaw Shaman
1,Mind's Desire
1,Mind Twist
1,Mind Stone
1,Mimic Vat
1,Mesa Enchantress
1,Merciless Eviction
1,Merchant Scroll
1,Mentor of the Meek
1,Mental Misstep
1,Memory Jar
1,Memory Erosion
1,Memoricide
1,Memnarch
1,Maze of Ith
1,May Civilization Collapse
1,Master Transmuter
1,Master of Cruelties
1,Masked Admirers
1,"Marwyn, the Nurturer"
1,Martial Coup
1,Marsh Flats
1,Market Festival
1,Marchesa's Smuggler
1,Maralen of the Mornsong
1,Mana Vault
1,Mana Reflection
1,Mana Drain
1,Mana Crypt
1,Mana Confluence
1,Magus of the Moon
1,Magus of the Moat
1,Magmaquake
1,Magister Sphinx
1,Lys Alana Huntmaster
1,Luxury Suite
1,Luminarch Ascension
1,Loxodon Gatekeeper
1,Lotus Petal
1,Lotus Bloom
1,Lord of the Void
1,Lonely Sandbar
1,Llanowar Tribe
1,Llanowar Elves
1,Living Death
1,"Linvala, Keeper of Silence"
1,Lim-DÃ»l's Vault
1,Liliana's Caress
1,Liliana Vess
1,Lignify
1,Lightning Greaves
1,Leyline of Anticipation
1,Legion's Initiative
1,Last One Standing
1,Land Tax
1,Laboratory Maniac
1,Kuldotha Forgemaster
1,Kruphix's Insight
1,Krark-Clan Ironworks
1,Krark's Thumb
1,Know Naught but Fire
1,"Kiki-Jiki, Mirror Breaker"
1,Khorvath's Fury
1,"Kestia, the Cultivator"
1,"Kess, Dissident Mage"
1,Kaysa
1,Kaya's Guile
1,Karplusan Minotaur
1,"Karn, the Great Creator"
1,Karn's Bastion
1,Karmic Justice
1,Karmic Guide
1,Kaalia of the Vast
1,Joraga Warcaller
1,Joraga Treespeaker
1,"Jodah, Archmage Eternal"
1,"Jhoira, Weatherlight Captain"
1,Jhoira's Familiar
1,"Jace, Wielder of Mysteries"
1,"Jace, Vryn's Prodigy // Jace, Telepath Unbound"
1,Jace's Archivist
1,Izzet Signet
1,Izzet Guildgate
1,Izzet Charm
1,Ivy Lane Denizen
1,Isolated Chapel
1,Isochron Scepter
1,"Iona, Shield of Emeria"
1,Inventors' Fair
1,Intuition
4,Introductions Are in Order
1,Into the Roil
1,Into the Earthen Maw
1,Into the Core
1,Insidious Dreams
1,Impulsive Maneuvers
1,Impulse
1,Imprisoned in the Moon
1,Imperial Recruiter
1,Impending Disaster
1,Immaculate Magistrate
1,Illusionist's Bracers
2,Ignite the Cloneforge!
1,Ignite the Beacon
2,"I Know All, I See All"
1,I Delight in Your Convulsions
1,I Call on the Ancient Magics
2,I Bask in Your Silent Awe
1,Hydra Omnivore
1,Hour of Devastation
1,Hope of Ghirapur
1,"Hokori, Dust Drinker"
1,Hinterland Harbor
1,Hinder
1,Highland Lake
1,Hide // Seek
1,Heritage Druid
1,Herald of the Pantheon
1,Helm of the Host
1,Helm of Awakening
1,Hellkite Tyrant
1,Hellcarver Demon
1,Helix Pinnacle
1,Hedron Archive
1,Heavenly Blademaster
1,Heartbeat of Spring
1,Harmonize
1,Hanweir Battlements
1,Hallowed Fountain
1,Hallowed Burial
1,Hall of the Bandit Lord
1,Hall of Heliod's Generosity
1,Hall of Gemstone
1,Halimar Depths
1,Gush
1,"Growing Rites of Itlimoc // Itlimoc, Cradle of the Sun"
1,Grow from the Ashes
1,Ground Seal
1,Griselbrand
1,Grinding Station
1,Grim Monolith
1,Grim Flowering
1,Green Sun's Zenith
1,Greater Good
1,Greater Auramancy
1,Great Furnace
1,Gray Merchant of Asphodel
1,Gravitic Punch
1,Graven Cairns
1,Grasp of Fate
1,Grand Arbiter Augustin IV
1,Grand Abolisher
1,Grafted Exoskeleton
1,Grafdigger's Cage
1,Godless Shrine
1,Goblin Welder
1,Goblin Bombardment
1,Glimpse of Nature
1,Glimmervoid
1,Glacial Fortress
1,Gitaxian Probe
1,"Gisela, Blade of Goldnight"
1,Gilded Lotus
1,Gift of Paradise
1,Ghostly Prison
1,Ghostly Flicker
1,"Geth, Lord of the Vault"
1,Geode Golem
1,Genesis Wave
1,Genesis Storm
1,Generous Gift
1,Gemstone Mine
1,Gemstone Caverns
1,Gem of Becoming
1,"Garruk, Caller of Beasts"
1,Garruk Wildspeaker
1,Game of Chaos
1,Gamble
1,Gaea's Cradle
1,Gaea's Blessing
1,Fyndhorn Elves
1,Future Sight
1,"Freyalise, Llanowar's Fury"
1,Fresh Meat
1,Frenetic Efreet
1,Fraying Omnipotence
1,Frantic Search
1,Foundry Inspector
1,Forgotten Cave
1,Force of Will
1,Forbidden Orchard
1,Flux Channeler
1,Flusterstorm
1,Flooded Strand
1,Fleet Swallower
1,Flagstones of Trokair
1,Fire Covenant
1,Final Parting
1,Fiery Islet
1,Fetid Heath
1,Fertile Ground
1,Fellwar Stone
1,Felidar Guardian
2,Feed the Machine
1,Fauna Shaman
1,Fatal Frenzy
1,Fall of the Thran
1,Faithless Looting
1,Faith's Reward
1,Faith Healer
1,Fact or Fiction
1,Fabricate
1,"Ezuri, Renegade Leader"
1,Extract from Darkness
1,Extract
1,Exquisite Archangel
1,Expedition Map
1,Evolution Sage
1,Evil Comes to Fruition
2,Every Last Vestige Shall Rot
2,Every Hope Shall Vanish
1,Ever-Watching Threshold
1,"Etrata, the Silencer"
1,Ethersworn Canonist
1,Etherium Sculptor
1,"Estrid, the Masked"
1,Estrid's Invocation
1,Entomb
1,Enlightened Tutor
1,Energy Flux
1,Enchantress's Presence
1,Enchanter's Bane
1,"Emrakul, the Aeons Torn"
1,Embrace My Diabolical Vision
1,Elvish Mystic
1,Elvish Harbinger
1,Elvish Guidance
1,Elvish Champion
1,Elvish Archdruid
1,Elvish Aberration
1,Elves of Deep Shadow
1,"Elesh Norn, Grand Cenobite"
1,Eladamri's Call
1,Eidolon of Blossoms
1,Echo Storm
1,Echo of Eons
1,Earthcraft
1,Earnest Fellowship
1,Dwynen's Elite
1,Duplicant
1,Dueling Grounds
1,Dualcaster Mage
1,Dryad Arbor
1,Drowned Catacomb
1,Dramatic Reversal
1,Dragonskull Summit
1,Dragon Tempest
1,Dragon Mage
1,"Dovin, Hand of Control"
1,Doomsday
1,Doomfall
1,Doom Whisperer
1,"Domri, Anarch of Bolas"
1,Diviner's Wand
1,Dispel
1,Dismantling Blow
1,Disciple of the Vault
1,Dimir Signet
1,Diminishing Returns
1,Dig Through Time
1,Diabolic Intent
1,Diabolic Edict
1,Devoted Druid
1,Detention Sphere
1,Desperate Gambit
1,Deserted Temple
1,Descendants' Path
1,Demonlord Belzenlok
1,Demonic Tutor
1,Deliver Unto Evil
1,Delay
1,Deep Analysis
1,Decree of Silence
1,Decree of Annihilation
1,Deathrite Shaman
1,Dawn's Reflection
1,Darkwater Egg
1,Darksteel Juggernaut
1,Darksteel Citadel
1,Darkslick Shores
1,Dark Ritual
1,Dark Petition
1,Dark Confidant
1,"Dance, Pathetic Marionette"
1,Dance of the Dead
1,Damping Sphere
1,Damnation
1,Dack Fayden
1,Cyclonic Rift
1,Cursed Totem
1,Cultivate
1,Crystal Vein
1,Cruel Ultimatum
1,Crucible of Worlds
1,Crop Rotation
1,Creepy Doll
1,Creeping Renaissance
1,Craterhoof Behemoth
1,Crackling Doom
1,Countersquall
1,Counterspell
1,Counterflux
1,Council's Judgment
1,Copperhorn Scout
1,Containment Priest
1,Concordant Crossroads
1,Commander's Sphere
1,Command Tower
1,Command the Dreadhorde
1,Collector Ouphe
1,Coldsteel Heart
1,Coat of Arms
1,Coalition Relic
1,Cloudshift
1,Cloud Key
1,Clock of Omens
1,Clifftop Retreat
1,City of Brass
1,Chrome Mox
1,Chromatic Star
1,Chromatic Sphere
1,Chromatic Lantern
1,Chord of Calling
1,Choose Your Champion
1,Chaos Warp
1,"Chandra, Fire Artisan"
1,Chandra's Ignition
1,Chain of Vapor
1,Cephalid Coliseum
1,Caves of Koilos
1,Cavern of Souls
1,Cathartic Reunion
1,Catastrophe
1,Cataclysm
1,Cascade Bluffs
1,Careful Study
1,Caller of the Claw
1,Caged Sun
1,Cabal Ritual
1,By Force
1,Buried Ruin
1,Buried Alive
1,Burgeoning
1,"Bruna, Light of Alabaster"
1,"Brudiclad, Telchor Engineer"
1,"Breya, Etherium Shaper"
1,Brainstorm
1,Boros Signet
1,Boros Charm
1,Boreal Druid
1,Bonus Round
1,Bolas's Citadel
1,Boil
1,Board the Weatherlight
1,Blue Sun's Zenith
1,Bloodstained Mire
1,Bloodgift Demon
1,Blood Moon
1,Blood Crypt
1,Blink of an Eye
1,Blind Obedience
1,Blasphemous Act
1,Bitter Ordeal
1,Birchlore Rangers
1,Beastmaster Ascension
1,Bear Umbra
1,Battlefield Forge
1,Basalt Monolith
1,Barren Moor
1,"Baral, Chief of Compliance"
1,Balefire Dragon
1,Azorius Signet
1,Azor's Gateway // Sanctum of the Sun
1,Aven Mindcensor
1,"Avacyn, Angel of Hope"
1,Autumn's Veil
1,Authority of the Consuls
1,Austere Command
1,Auriok Salvagers
1,"Aurelia, the Warleader"
1,Auramancer
1,Aura Shards
1,Aura of Silence
1,Augur of Bolas
1,"Ashiok, Dream Render"
1,Asceticism
1,Artisan of Kozilek
1,Artificer's Intuition
1,Artful Dodge
1,Armageddon
1,"Arixmethes, Slumbering Isle"
1,Arid Mesa
1,Argothian Elder
1,Archmage's Charm
1,Archfiend of Despair
1,Archaeomancer
1,Arcane Lighthouse
1,Arcane Denial
1,Arbor Elf
1,Approach My Molten Realm
1,Animate Dead
1,Anguished Unmaking
1,Anger of the Gods
1,Angelic Arbiter
1,Angel's Grace
1,Angel of Serenity
1,Angel of Despair
1,Ancient Tomb
1,Ancient Den
1,Altar of the Brood
1,Altar of Dementia
1,Alpha Status
2,All Shall Smolder in My Wake
1,All Is Dust
2,All in Good Time
1,"Alesha, Who Smiles at Death"
1,"Akroma, Angel of Wrath"
1,Akroma's Vengeance
1,Akroma's Memorial
1,Aggravated Assault
1,Aetherflux Reservoir
1,Aether Spellbomb
1,Aether Hub
1,Adarkar Wastes
1,Adaptive Automaton
1,Ad Nauseam
1,Abundant Growth
1,Abundance
1,Abrupt Decay
1,A Display of My Dark Power
